conversationId,timestamp,eventName,eventCategory,turnIndex
conv-20260622-000001,2026-06-22T21:03:43.309Z,knowledge_gap,error,7
conv-20260622-000001,2026-06-22T21:04:06.309Z,conversation_ended,completion,
conv-20260607-000002,2026-06-08T03:24:19.309Z,conversation_ended,completion,
conv-20260628-000003,2026-06-29T04:26:12.309Z,conversation_ended,completion,
conv-20260614-000004,2026-06-15T02:58:25.309Z,conversation_ended,completion,
conv-20260614-000005,2026-06-14T23:35:47.309Z,knowledge_gap,error,2
conv-20260614-000005,2026-06-14T23:35:55.309Z,conversation_ended,completion,
conv-20260615-000006,2026-06-16T03:14:37.309Z,conversation_ended,completion,
conv-20260617-000007,2026-06-17T21:12:05.309Z,conversation_ended,completion,
conv-20260606-000008,2026-06-06T23:08:52.309Z,conversation_ended,completion,
conv-20260607-000009,2026-06-07T22:52:05.309Z,agent_requested,handoff,4
conv-20260607-000009,2026-06-07T22:52:12.309Z,conversation_ended,completion,
conv-20260604-000010,2026-06-04T19:29:08.309Z,conversation_ended,completion,
conv-20260617-000011,2026-06-17T18:24:27.309Z,conversation_ended,completion,
conv-20260624-000012,2026-06-24T18:04:11.309Z,conversation_ended,completion,
conv-20260621-000013,2026-06-22T04:35:48.309Z,conversation_ended,completion,
conv-20260629-000014,2026-06-30T06:20:24.309Z,no_comprehension,error,4
conv-20260629-000014,2026-06-30T06:20:45.309Z,conversation_ended,completion,
conv-20260603-000015,2026-06-04T01:50:06.309Z,agent_requested,handoff,8
conv-20260603-000015,2026-06-04T01:50:25.309Z,conversation_ended,completion,
conv-20260621-000016,2026-06-22T06:34:37.309Z,conversation_ended,completion,
conv-20260612-000017,2026-06-13T04:15:14.309Z,conversation_ended,completion,
conv-20260618-000018,2026-06-18T21:16:26.309Z,conversation_ended,completion,
conv-20260628-000019,2026-06-28T23:54:27.309Z,conversation_ended,completion,
conv-20260616-000020,2026-06-16T18:16:41.309Z,conversation_ended,completion,
conv-20260624-000021,2026-06-24T21:44:52.309Z,conversation_ended,completion,
conv-20260607-000022,2026-06-08T02:52:02.309Z,conversation_ended,completion,
conv-20260609-000023,2026-06-10T03:21:23.309Z,conversation_ended,completion,
conv-20260629-000024,2026-06-30T03:09:41.309Z,conversation_ended,completion,
conv-20260613-000025,2026-06-13T23:44:03.309Z,knowledge_gap,error,2
conv-20260613-000025,2026-06-13T23:44:12.309Z,agent_requested,handoff,2
conv-20260613-000025,2026-06-13T23:44:22.309Z,conversation_ended,completion,
conv-20260626-000026,2026-06-27T04:30:35.309Z,agent_requested,handoff,2
conv-20260626-000026,2026-06-27T04:30:55.309Z,conversation_ended,completion,
conv-20260625-000027,2026-06-25T18:36:40.309Z,conversation_ended,completion,
conv-20260623-000028,2026-06-23T18:42:50.309Z,conversation_ended,completion,
conv-20260607-000029,2026-06-08T05:05:50.309Z,conversation_ended,completion,
conv-20260610-000030,2026-06-10T19:52:49.309Z,conversation_ended,completion,
conv-20260614-000031,2026-06-15T02:42:22.309Z,knowledge_gap,error,4
conv-20260614-000031,2026-06-15T02:42:39.309Z,conversation_ended,completion,
conv-20260629-000032,2026-06-29T23:06:58.309Z,conversation_ended,completion,
conv-20260609-000033,2026-06-10T00:24:07.309Z,conversation_ended,completion,
conv-20260618-000034,2026-06-19T00:22:45.309Z,agent_requested,handoff,8
conv-20260618-000034,2026-06-19T00:23:13.309Z,conversation_ended,completion,
conv-20260612-000035,2026-06-13T04:38:42.309Z,conversation_ended,completion,
conv-20260611-000036,2026-06-12T00:02:47.309Z,conversation_ended,completion,
conv-20260614-000037,2026-06-14T23:00:38.309Z,no_comprehension,error,5
conv-20260614-000037,2026-06-14T23:00:51.309Z,conversation_ended,completion,
conv-20260621-000038,2026-06-21T19:40:50.309Z,knowledge_gap,error,4
conv-20260621-000038,2026-06-21T19:41:01.309Z,conversation_ended,completion,
conv-20260609-000039,2026-06-10T03:07:34.309Z,conversation_ended,completion,
conv-20260613-000040,2026-06-14T00:54:32.309Z,knowledge_gap,error,3
conv-20260613-000040,2026-06-14T00:54:50.309Z,conversation_ended,completion,
conv-20260619-000041,2026-06-19T18:57:55.309Z,conversation_ended,completion,
conv-20260623-000042,2026-06-24T00:44:03.309Z,conversation_ended,completion,
conv-20260625-000043,2026-06-26T02:45:43.309Z,conversation_ended,completion,
conv-20260609-000044,2026-06-09T22:48:46.309Z,conversation_ended,completion,
conv-20260612-000045,2026-06-12T23:50:57.309Z,conversation_ended,completion,
conv-20260618-000046,2026-06-18T21:33:30.309Z,conversation_ended,completion,
conv-20260617-000047,2026-06-17T18:00:06.309Z,conversation_ended,completion,
conv-20260602-000048,2026-06-03T01:54:19.309Z,conversation_ended,completion,
conv-20260603-000049,2026-06-04T04:11:15.309Z,knowledge_gap,error,2
conv-20260603-000049,2026-06-04T04:11:42.309Z,conversation_ended,completion,
conv-20260627-000050,2026-06-27T21:07:06.309Z,conversation_ended,completion,
conv-20260613-000051,2026-06-13T19:14:30.309Z,conversation_ended,completion,
conv-20260630-000052,2026-07-01T03:56:35.309Z,conversation_ended,completion,
conv-20260625-000053,2026-06-26T06:26:20.309Z,agent_requested,handoff,2
conv-20260625-000053,2026-06-26T06:26:39.309Z,conversation_ended,completion,
conv-20260621-000054,2026-06-22T03:32:13.309Z,conversation_ended,completion,
conv-20260607-000055,2026-06-08T06:31:08.309Z,conversation_ended,completion,
conv-20260627-000056,2026-06-28T01:55:39.309Z,conversation_ended,completion,
conv-20260617-000057,2026-06-17T21:22:33.309Z,conversation_ended,completion,
conv-20260623-000058,2026-06-23T20:20:38.309Z,conversation_ended,completion,
conv-20260611-000059,2026-06-11T20:59:37.309Z,conversation_ended,completion,
conv-20260602-000060,2026-06-02T20:18:42.309Z,conversation_ended,completion,
conv-20260630-000061,2026-06-30T21:15:38.309Z,conversation_ended,completion,
conv-20260619-000062,2026-06-20T04:07:02.309Z,conversation_ended,completion,
conv-20260615-000063,2026-06-16T05:36:35.309Z,conversation_ended,completion,
conv-20260619-000064,2026-06-20T03:42:00.309Z,conversation_ended,completion,
conv-20260605-000065,2026-06-05T21:43:07.309Z,conversation_ended,completion,
conv-20260610-000066,2026-06-10T19:56:40.309Z,conversation_ended,completion,
conv-20260616-000067,2026-06-16T20:23:05.309Z,conversation_ended,completion,
conv-20260630-000068,2026-06-30T19:13:44.309Z,conversation_ended,completion,
conv-20260630-000069,2026-07-01T02:14:37.309Z,conversation_ended,completion,
conv-20260623-000070,2026-06-24T02:44:29.309Z,knowledge_gap,error,4
conv-20260623-000070,2026-06-24T02:44:56.309Z,conversation_ended,completion,
conv-20260629-000071,2026-06-30T03:03:00.309Z,conversation_ended,completion,
conv-20260612-000072,2026-06-12T21:47:00.309Z,conversation_ended,completion,
conv-20260602-000073,2026-06-03T04:22:36.309Z,conversation_ended,completion,
conv-20260623-000074,2026-06-24T06:40:25.309Z,conversation_ended,completion,
conv-20260614-000075,2026-06-14T22:06:27.309Z,conversation_ended,completion,
conv-20260630-000076,2026-06-30T19:51:18.309Z,no_comprehension,error,3
conv-20260630-000076,2026-06-30T19:51:41.309Z,conversation_ended,completion,
conv-20260612-000077,2026-06-13T06:09:24.309Z,conversation_ended,completion,
conv-20260630-000078,2026-06-30T21:42:29.309Z,conversation_ended,completion,
conv-20260621-000079,2026-06-22T00:50:36.309Z,conversation_ended,completion,
conv-20260604-000080,2026-06-05T02:48:45.309Z,no_comprehension,error,9
conv-20260604-000080,2026-06-05T02:48:54.309Z,conversation_ended,completion,
conv-20260611-000081,2026-06-12T05:53:33.309Z,conversation_ended,completion,
conv-20260613-000082,2026-06-13T23:15:07.309Z,conversation_ended,completion,
conv-20260624-000083,2026-06-24T18:04:11.309Z,conversation_ended,completion,
conv-20260629-000084,2026-06-30T04:01:20.309Z,agent_requested,handoff,5
conv-20260629-000084,2026-06-30T04:01:46.309Z,conversation_ended,completion,
conv-20260608-000085,2026-06-08T22:29:00.309Z,conversation_ended,completion,
conv-20260623-000086,2026-06-23T17:56:35.309Z,conversation_ended,completion,
conv-20260607-000087,2026-06-08T01:09:17.309Z,conversation_ended,completion,
conv-20260627-000088,2026-06-28T02:19:48.309Z,conversation_ended,completion,
conv-20260610-000089,2026-06-11T00:49:05.309Z,conversation_ended,completion,
conv-20260625-000090,2026-06-26T03:49:02.309Z,conversation_ended,completion,
conv-20260611-000091,2026-06-12T05:47:31.309Z,conversation_ended,completion,
conv-20260615-000092,2026-06-15T20:37:15.309Z,conversation_ended,completion,
conv-20260607-000093,2026-06-08T06:21:20.309Z,knowledge_gap,error,4
conv-20260607-000093,2026-06-08T06:21:28.309Z,conversation_ended,completion,
conv-20260609-000094,2026-06-09T22:18:37.309Z,conversation_ended,completion,
conv-20260618-000095,2026-06-18T23:43:19.309Z,conversation_ended,completion,
conv-20260606-000096,2026-06-06T23:29:07.309Z,agent_requested,handoff,8
conv-20260606-000096,2026-06-06T23:29:24.309Z,conversation_ended,completion,
conv-20260622-000097,2026-06-22T19:08:03.309Z,conversation_ended,completion,
conv-20260611-000098,2026-06-11T19:21:28.309Z,agent_requested,handoff,8
conv-20260611-000098,2026-06-11T19:21:41.309Z,conversation_ended,completion,
conv-20260701-000099,2026-07-02T00:07:04.309Z,conversation_ended,completion,
conv-20260612-000100,2026-06-12T21:01:06.309Z,conversation_ended,completion,
conv-20260627-000101,2026-06-27T22:55:12.309Z,no_comprehension,error,6
conv-20260627-000101,2026-06-27T22:55:28.309Z,conversation_ended,completion,
conv-20260612-000102,2026-06-12T21:11:06.309Z,conversation_ended,completion,
conv-20260618-000103,2026-06-19T06:00:44.309Z,conversation_ended,completion,
conv-20260606-000104,2026-06-07T06:10:54.309Z,no_comprehension,error,8
conv-20260606-000104,2026-06-07T06:11:13.309Z,conversation_ended,completion,
conv-20260602-000105,2026-06-02T21:38:10.309Z,agent_requested,handoff,3
conv-20260602-000105,2026-06-02T21:38:39.309Z,conversation_ended,completion,
conv-20260612-000106,2026-06-12T20:35:34.309Z,conversation_ended,completion,
conv-20260603-000107,2026-06-03T21:49:59.309Z,conversation_ended,completion,
conv-20260607-000108,2026-06-07T22:19:38.309Z,conversation_ended,completion,
conv-20260626-000109,2026-06-26T20:06:46.309Z,conversation_ended,completion,
conv-20260625-000110,2026-06-25T22:40:10.309Z,no_comprehension,error,8
conv-20260625-000110,2026-06-25T22:40:25.309Z,conversation_ended,completion,
conv-20260620-000111,2026-06-21T01:15:43.309Z,conversation_ended,completion,
conv-20260626-000112,2026-06-27T04:36:19.309Z,conversation_ended,completion,
conv-20260608-000113,2026-06-08T19:03:17.309Z,conversation_ended,completion,
conv-20260623-000114,2026-06-24T05:35:44.309Z,agent_requested,handoff,8
conv-20260623-000114,2026-06-24T05:35:49.309Z,conversation_ended,completion,
conv-20260606-000115,2026-06-06T22:18:18.309Z,conversation_ended,completion,
conv-20260618-000116,2026-06-19T04:48:53.309Z,conversation_ended,completion,
conv-20260621-000117,2026-06-22T05:24:55.309Z,conversation_ended,completion,
conv-20260606-000118,2026-06-06T20:51:54.309Z,agent_requested,handoff,2
conv-20260606-000118,2026-06-06T20:52:22.309Z,conversation_ended,completion,
conv-20260611-000119,2026-06-12T02:38:36.309Z,conversation_ended,completion,
conv-20260630-000120,2026-07-01T02:16:32.309Z,conversation_ended,completion,
conv-20260618-000121,2026-06-18T18:09:15.309Z,conversation_ended,completion,
conv-20260603-000122,2026-06-03T23:43:36.309Z,agent_requested,handoff,7
conv-20260603-000122,2026-06-03T23:43:49.309Z,conversation_ended,completion,
conv-20260605-000123,2026-06-06T00:50:03.309Z,conversation_ended,completion,
conv-20260608-000124,2026-06-09T02:40:23.309Z,conversation_ended,completion,
conv-20260605-000125,2026-06-06T01:43:21.309Z,conversation_ended,completion,
conv-20260602-000126,2026-06-02T20:12:49.309Z,conversation_ended,completion,
conv-20260608-000127,2026-06-08T23:02:57.309Z,conversation_ended,completion,
conv-20260611-000128,2026-06-11T22:40:52.309Z,conversation_ended,completion,
conv-20260618-000129,2026-06-18T23:44:15.309Z,conversation_ended,completion,
conv-20260622-000130,2026-06-22T20:56:48.309Z,knowledge_gap,error,4
conv-20260622-000130,2026-06-22T20:57:15.309Z,conversation_ended,completion,
conv-20260615-000131,2026-06-15T20:39:02.309Z,conversation_ended,completion,
conv-20260603-000132,2026-06-04T04:44:35.309Z,no_comprehension,error,5
conv-20260603-000132,2026-06-04T04:44:56.309Z,conversation_ended,completion,
conv-20260622-000133,2026-06-23T03:25:32.309Z,conversation_ended,completion,
conv-20260610-000134,2026-06-10T20:35:02.309Z,conversation_ended,completion,
conv-20260622-000135,2026-06-23T04:06:14.309Z,conversation_ended,completion,
conv-20260627-000136,2026-06-28T03:29:33.309Z,no_comprehension,error,4
conv-20260627-000136,2026-06-28T03:29:46.309Z,conversation_ended,completion,
conv-20260612-000137,2026-06-13T03:39:26.309Z,conversation_ended,completion,
conv-20260613-000138,2026-06-13T21:09:29.309Z,conversation_ended,completion,
conv-20260626-000139,2026-06-26T21:43:26.309Z,knowledge_gap,error,4
conv-20260626-000139,2026-06-26T21:43:42.309Z,agent_requested,handoff,6
conv-20260626-000139,2026-06-26T21:43:48.309Z,conversation_ended,completion,
conv-20260613-000140,2026-06-13T19:56:38.309Z,conversation_ended,completion,
conv-20260602-000141,2026-06-03T05:53:46.309Z,conversation_ended,completion,
conv-20260625-000142,2026-06-26T05:06:28.309Z,conversation_ended,completion,
conv-20260602-000143,2026-06-03T01:48:41.309Z,conversation_ended,completion,
conv-20260608-000144,2026-06-09T03:09:19.309Z,conversation_ended,completion,
conv-20260609-000145,2026-06-10T00:07:52.309Z,knowledge_gap,error,2
conv-20260609-000145,2026-06-10T00:08:01.309Z,agent_requested,handoff,2
conv-20260609-000145,2026-06-10T00:08:24.309Z,conversation_ended,completion,
conv-20260608-000146,2026-06-08T22:22:41.309Z,conversation_ended,completion,
conv-20260629-000147,2026-06-29T23:20:31.309Z,knowledge_gap,error,2
conv-20260629-000147,2026-06-29T23:20:39.309Z,conversation_ended,completion,
conv-20260629-000148,2026-06-29T21:00:58.309Z,conversation_ended,completion,
conv-20260618-000149,2026-06-18T19:53:44.309Z,conversation_ended,completion,
conv-20260604-000150,2026-06-05T05:00:04.309Z,conversation_ended,completion,
conv-20260604-000151,2026-06-04T18:54:11.309Z,conversation_ended,completion,
conv-20260630-000152,2026-07-01T00:28:32.309Z,conversation_ended,completion,
conv-20260628-000153,2026-06-29T04:40:49.309Z,agent_requested,handoff,3
conv-20260628-000153,2026-06-29T04:40:55.309Z,conversation_ended,completion,
conv-20260607-000154,2026-06-07T23:15:05.309Z,conversation_ended,completion,
conv-20260611-000155,2026-06-12T00:26:08.309Z,conversation_ended,completion,
conv-20260614-000156,2026-06-15T03:57:40.309Z,conversation_ended,completion,
conv-20260620-000157,2026-06-21T03:35:19.309Z,conversation_ended,completion,
conv-20260607-000158,2026-06-07T18:33:22.309Z,conversation_ended,completion,
conv-20260607-000159,2026-06-07T20:05:47.309Z,conversation_ended,completion,
conv-20260617-000160,2026-06-18T05:18:02.309Z,conversation_ended,completion,
conv-20260624-000161,2026-06-24T23:52:24.309Z,conversation_ended,completion,
conv-20260630-000162,2026-07-01T04:30:40.309Z,conversation_ended,completion,
conv-20260619-000163,2026-06-19T21:36:58.309Z,conversation_ended,completion,
conv-20260613-000164,2026-06-13T21:38:36.309Z,conversation_ended,completion,
conv-20260605-000165,2026-06-06T00:34:51.309Z,knowledge_gap,error,2
conv-20260605-000165,2026-06-06T00:35:13.309Z,conversation_ended,completion,
conv-20260621-000166,2026-06-21T21:26:36.309Z,agent_requested,handoff,2
conv-20260621-000166,2026-06-21T21:26:53.309Z,conversation_ended,completion,
conv-20260616-000167,2026-06-17T01:03:10.309Z,conversation_ended,completion,
conv-20260621-000168,2026-06-21T20:26:25.309Z,conversation_ended,completion,
conv-20260620-000169,2026-06-21T03:01:17.309Z,conversation_ended,completion,
conv-20260610-000170,2026-06-11T06:17:42.309Z,conversation_ended,completion,
conv-20260629-000171,2026-06-29T23:20:26.309Z,conversation_ended,completion,
conv-20260615-000172,2026-06-16T02:24:44.309Z,conversation_ended,completion,
conv-20260701-000173,2026-07-02T05:49:51.309Z,conversation_ended,completion,
conv-20260624-000174,2026-06-25T00:08:21.309Z,conversation_ended,completion,
conv-20260602-000175,2026-06-03T04:39:00.309Z,conversation_ended,completion,
conv-20260616-000176,2026-06-17T05:15:13.309Z,conversation_ended,completion,
conv-20260624-000177,2026-06-24T21:21:14.309Z,conversation_ended,completion,
conv-20260629-000178,2026-06-29T19:43:15.309Z,knowledge_gap,error,3
conv-20260629-000178,2026-06-29T19:43:24.309Z,agent_requested,handoff,3
conv-20260629-000178,2026-06-29T19:43:31.309Z,conversation_ended,completion,
conv-20260629-000179,2026-06-30T06:36:42.309Z,conversation_ended,completion,
conv-20260625-000180,2026-06-26T06:05:34.309Z,conversation_ended,completion,
conv-20260623-000181,2026-06-23T22:17:00.309Z,conversation_ended,completion,
conv-20260626-000182,2026-06-26T20:33:15.309Z,no_comprehension,error,2
conv-20260626-000182,2026-06-26T20:33:42.309Z,conversation_ended,completion,
conv-20260612-000183,2026-06-13T02:43:37.309Z,conversation_ended,completion,
conv-20260603-000184,2026-06-04T05:52:05.309Z,conversation_ended,completion,
conv-20260630-000185,2026-07-01T01:44:03.309Z,agent_requested,handoff,5
conv-20260630-000185,2026-07-01T01:44:21.309Z,conversation_ended,completion,
conv-20260621-000186,2026-06-21T18:26:30.309Z,conversation_ended,completion,
conv-20260627-000187,2026-06-27T20:09:54.309Z,conversation_ended,completion,
conv-20260614-000188,2026-06-15T01:34:33.309Z,conversation_ended,completion,
conv-20260621-000189,2026-06-22T06:04:24.309Z,conversation_ended,completion,
conv-20260607-000190,2026-06-07T19:31:15.309Z,conversation_ended,completion,
conv-20260613-000191,2026-06-14T06:20:32.309Z,conversation_ended,completion,
conv-20260604-000192,2026-06-04T19:44:09.309Z,conversation_ended,completion,
conv-20260627-000193,2026-06-27T19:34:21.309Z,conversation_ended,completion,
conv-20260609-000194,2026-06-09T21:21:09.309Z,knowledge_gap,error,3
conv-20260609-000194,2026-06-09T21:21:23.309Z,conversation_ended,completion,
conv-20260611-000195,2026-06-11T21:50:06.309Z,conversation_ended,completion,
conv-20260624-000196,2026-06-25T05:26:08.309Z,agent_requested,handoff,2
conv-20260624-000196,2026-06-25T05:26:31.309Z,conversation_ended,completion,
conv-20260701-000197,2026-07-02T03:08:50.309Z,conversation_ended,completion,
conv-20260612-000198,2026-06-13T04:22:25.309Z,conversation_ended,completion,
conv-20260619-000199,2026-06-19T21:13:49.309Z,conversation_ended,completion,
conv-20260607-000200,2026-06-07T18:13:06.309Z,agent_requested,handoff,7
conv-20260607-000200,2026-06-07T18:13:25.309Z,conversation_ended,completion,
